Workbook
Name _xlchart.v1.1: Visualisation!$C$4:$AL$4
Name _xlchart.v1.0: Visualisation!$C$2:$AL$2
Name _xlchart.v1.3: Visualisation!$C$4:$AL$4
Name _xlchart.v1.2: Visualisation!$C$2:$AL$2

Sheet Matériel
B2: Nom | C2: Coût initial € | D2: Coût de maintenance (€/an) | E2: Durée de l'investissement (année) | F2: Prix de location (€) | G2: Prix de location (-20%) (€) | H2: Volume de location (an) | I2: Prix de revente | K2: Coût annuel (€) | L2: Gains annuels (€) | M2: ROI | O2: Coût de location (€) | P2: Gain sans achat | Q2: Gains si achat | S2: Mois avant rentabilité | U2: Confort
B3: CDJ3000x | C3: 3000 | D3: 200 | E3: 3 | F3: 120 | G3: =F3*0.8 -> 96 | H3: 6 | I3: 2000 | K3: =(C3-I3)/E3+D3 -> 533.33333 | L3: =G3*H3 -> 576 | M3: =(L3-K3)/L3 -> 0.074074074 | O3: =120*0.65 -> 78 | P3: =IF(O3<>"",H3*E3*(G3-O3),0) -> 324 | Q3: =-C3-D3*E3+G3*H3*E3+I3 -> 128 | S3: =(-C3+I3)/(D3/12-F3*H3/12) -> 23.076923
B4: Shehds 10R + flight | C4: =( 636+170)/2 -> 403 | D4: 10 | E4: 3 | F4: 80 | G4: =F4*0.8 -> 64 | H4: 4 | I4: 100 | K4: =(C4-I4)/E4+D4 -> 111 | L4: =G4*H4 -> 256 | M4: =(L4-K4)/L4 -> 0.56640625 | O4: 90 | P4: =IF(O4<>"",H4*E4*(G4-O4),0) -> -312 | Q4: =-C4-D4*E4+G4*H4*E4+I4 -> 435 | S4: =(-C4+I4)/(D4/12-F4*H4/12) -> 11.729032
B5: Shehds 19x15 +flight | C5: =(372+170)/2 -> 271 | D5: 10 | E5: 3 | F5: 60 | G5: =F5*0.8 -> 48 | H5: 4 | I5: 100 | K5: =(C5-I5)/E5+D5 -> 67 | L5: =G5*H5 -> 192 | M5: =(L5-K5)/L5 -> 0.65104167 | O5: 90 | P5: =IF(O5<>"",H5*E5*(G5-O5),0) -> -504 | Q5: =-C5-D5*E5+G5*H5*E5+I5 -> 375 | S5: =(-C5+I5)/(D5/12-F5*H5/12) -> 8.9217391
B6: Shehds Barre 12x40 + flight | C6: =473+277/2 -> 611.5 | D6: 10 | E6: 3 | F6: 100 | G6: =F6*0.8 -> 80 | H6: 3 | I6: 150 | K6: =(C6-I6)/E6+D6 -> 163.83333 | L6: =G6*H6 -> 240 | M6: =(L6-K6)/L6 -> 0.31736111 | O6: 120 | P6: =IF(O6<>"",H6*E6*(G6-O6),0) -> -360 | Q6: =-C6-D6*E6+G6*H6*E6+I6 -> 228.5 | S6: =(-C6+I6)/(D6/12-F6*H6/12) -> 19.096552
B7: Shehds Blinder 2 eyes | C7: 75 | D7: 0 | E7: 3 | F7: 25 | G7: =F7*0.8 -> 20 | H7: 3 | I7: 10 | K7: =(C7-I7)/E7+D7 -> 21.666667 | L7: =G7*H7 -> 60 | M7: =(L7-K7)/L7 -> 0.63888889 | O7: =15*0.65 -> 9.75 | P7: =IF(O7<>"",H7*E7*(G7-O7),0) -> 92.25 | Q7: =-C7-D7*E7+G7*H7*E7+I7 -> 115 | S7: =(-C7+I7)/(D7/12-F7*H7/12) -> 10.4
B8: Laser 10W | C8: 771 | D8: 20 | E8: 3 | F8: 200 | G8: =F8*0.8 -> 160 | H8: 4 | I8: 200 | K8: =(C8-I8)/E8+D8 -> 210.33333 | L8: =G8*H8 -> 640 | M8: =(L8-K8)/L8 -> 0.67135417 | O8: 300 | P8: =IF(O8<>"",H8*E8*(G8-O8),0) -> -1680 | Q8: =-C8-D8*E8+G8*H8*E8+I8 -> 1289 | S8: =(-C8+I8)/(D8/12-F8*H8/12) -> 8.7846154
B9: FB4 | C9: =750*0.86 -> 645 | D9: 0 | E9: 3 | F9: 60 | G9: =F9*0.8 -> 48 | H9: 3 | I9: 350 | K9: =(C9-I9)/E9+D9 -> 98.333333 | L9: =G9*H9 -> 144 | M9: =(L9-K9)/L9 -> 0.31712963 | O9: 135 | P9: =IF(O9<>"",H9*E9*(G9-O9),0) -> -783 | Q9: =-C9-D9*E9+G9*H9*E9+I9 -> 137 | S9: =(-C9+I9)/(D9/12-F9*H9/12) -> 19.666667 | U9: Pas de FB4 disponible sur toulouse + utile pour les shows
B10: Midas M32R + flight | C10: 1800 | D10: 20 | E10: 3 | F10: 135 | G10: =F10*0.8 -> 108 | H10: 8 | I10: 1300 | K10: =(C10-I10)/E10+D10 -> 186.66667 | L10: =G10*H10 -> 864 | M10: =(L10-K10)/L10 -> 0.78395062 | O10: =134*0.65 -> 87.1 | P10: =IF(O10<>"",H10*E10*(G10-O10),0) -> 501.6 | Q10: =-C10-D10*E10+G10*H10*E10+I10 -> 2032 | S10: =(-C10+I10)/(D10/12-F10*H10/12) -> 5.6603774
B11: RJ45 touret high quality | C11: 240 | D11: 10 | E11: 3 | F11: 40 | G11: =F11*0.8 -> 32 | H11: 8 | I11: 0 | K11: =(C11-I11)/E11+D11 -> 90 | L11: =G11*H11 -> 256 | M11: =(L11-K11)/L11 -> 0.6484375 | O11: =40*0.65 -> 26 | P11: =IF(O11<>"",H11*E11*(G11-O11),0) -> 144 | Q11: =-C11-D11*E11+G11*H11*E11+I11 -> 498 | S11: =(-C11+I11)/(D11/12-F11*H11/12) -> 9.2903226
B12: Midas DL32 | C12: 1400 | D12: 20 | E12: 3 | F12: 70 | G12: =F12*0.8 -> 56 | H12: 6 | I12: =C12*0.7 -> 980 | K12: =(C12-I12)/E12+D12 -> 160 | L12: =G12*H12 -> 336 | M12: =(L12-K12)/L12 -> 0.52380952 | O12: =70.2*0.65 -> 45.63 | P12: =IF(O12<>"",H12*E12*(G12-O12),0) -> 186.66 | Q12: =-C12-D12*E12+G12*H12*E12+I12 -> 528 | S12: =(-C12+I12)/(D12/12-F12*H12/12) -> 12.6
B13: Xone96 | C13: 1600 | D13: 100 | E13: 3 | F13: 100 | G13: =F13*0.8 -> 80 | H13: 6 | I13: 1000 | K13: =(C13-I13)/E13+D13 -> 300 | L13: =G13*H13 -> 480 | M13: =(L13-K13)/L13 -> 0.375 | O13: 80 | P13: =IF(O13<>"",H13*E13*(G13-O13),0) -> 0 | Q13: =-C13-D13*E13+G13*H13*E13+I13 -> 540 | S13: =(-C13+I13)/(D13/12-F13*H13/12) -> 14.4 | U13: Ou A9
B14: DJM A9 | C14: 2500 | D14: 100 | E14: 3 | F14: 120 | G14: =F14*0.8 -> 96 | H14: 6 | I14: 1800 | K14: =(C14-I14)/E14+D14 -> 333.33333 | L14: =G14*H14 -> 576 | M14: =(L14-K14)/L14 -> 0.4212963 | O14: =120*0.65 -> 78 | P14: =IF(O14<>"",H14*E14*(G14-O14),0) -> 324 | Q14: =-C14-D14*E14+G14*H14*E14+I14 -> 728 | S14: =(-C14+I14)/(D14/12-F14*H14/12) -> 13.548387 | U14: Ou Xone96
B15: Brouillard (Briteq BT Faze 7500) | C15: 540 | D15: =20+0.3*20*H15 -> 56 | E15: 3 | F15: 50 | G15: =F15*0.8 -> 40 | H15: 6 | I15: 250 | K15: =(C15-I15)/E15+D15 -> 152.66667 | L15: =G15*H15 -> 240 | M15: =(L15-K15)/L15 -> 0.36388889 | O15: 32.5 | P15: =IF(O15<>"",H15*E15*(G15-O15),0) -> 135 | Q15: =-C15-D15*E15+G15*H15*E15+I15 -> 262 | S15: =(-C15+I15)/(D15/12-F15*H15/12) -> 14.262295
B16: Logiciel Beyond | C16: 1000 | D16: 0 | E16: 3 | F16: 50 | G16: =F16*0.8 -> 40 | H16: 5 | I16: 0 | K16: =(C16-I16)/E16+D16 -> 333.33333 | L16: =G16*H16 -> 200 | M16: =(L16-K16)/L16 -> -0.66666667 | O16: 110 | P16: =IF(O16<>"",H16*E16*(G16-O16),0) -> -1050 | Q16: =-C16-D16*E16+G16*H16*E16+I16 -> -400 | S16: =(-C16+I16)/(D16/12-F16*H16/12) -> 48 | U16: Permet la préparation des shows lights en avance
B17: Praticable | C17: 300 | D17: 0 | E17: 3 | F17: 30 | G17: =F17*0.8 -> 24 | H17: 8 | I17: 200 | K17: =(C17-I17)/E17+D17 -> 33.333333 | L17: =G17*H17 -> 192 | M17: =(L17-K17)/L17 -> 0.82638889 | O17: =30*0.65 -> 19.5 | P17: =IF(O17<>"",H17*E17*(G17-O17),0) -> 108 | Q17: =-C17-D17*E17+G17*H17*E17+I17 -> 476 | S17: =(-C17+I17)/(D17/12-F17*H17/12) -> 5
G18: =F18*0.8 -> 0 | K18: =(C18-I18)/E18+D18 -> #DIV/0! | L18: =G18*H18 -> 0 | M18: =(L18-K18)/L18 -> #DIV/0! | P18: =IF(O18<>"",H18*E18*(G18-O18),0) -> 0 | Q18: =-C18-D18*E18+G18*H18*E18+I18 -> 0 | S18: =(-C18+I18)/(D18/12-F18*H18/12) -> #DIV/0!
G19: =F19*0.8 -> 0 | K19: =(C19-I19)/E19+D19 -> #DIV/0! | L19: =G19*H19 -> 0 | M19: =(L19-K19)/L19 -> #DIV/0! | P19: =IF(O19<>"",H19*E19*(G19-O19),0) -> 0 | Q19: =-C19-D19*E19+G19*H19*E19+I19 -> 0 | S19: =(-C19+I19)/(D19/12-F19*H19/12) -> #DIV/0!
G20: =F20*0.8 -> 0 | K20: =(C20-I20)/E20+D20 -> #DIV/0! | L20: =G20*H20 -> 0 | M20: =(L20-K20)/L20 -> #DIV/0! | P20: =IF(O20<>"",H20*E20*(G20-O20),0) -> 0 | Q20: =-C20-D20*E20+G20*H20*E20+I20 -> 0 | S20: =(-C20+I20)/(D20/12-F20*H20/12) -> #DIV/0!
G21: =F21*0.8 -> 0 | K21: =(C21-I21)/E21+D21 -> #DIV/0! | L21: =G21*H21 -> 0 | M21: =(L21-K21)/L21 -> #DIV/0! | P21: =IF(O21<>"",H21*E21*(G21-O21),0) -> 0 | Q21: =-C21-D21*E21+G21*H21*E21+I21 -> 0 | S21: =(-C21+I21)/(D21/12-F21*H21/12) -> #DIV/0!

Sheet Visualisation
B1: Trimestre
A2: Nom | B2: 1 | C2: 2 | D2: 3 | E2: 4 | F2: 5 | G2: 6 | H2: 7 | I2: 8 | J2: 9 | K2: 10 | L2: 11 | M2: 12 | N2: 13 | O2: 14 | P2: 15 | Q2: 16 | R2: 17 | S2: 18 | T2: 19 | U2: 20
A3: Somme | B3: =SUM(B4:B13) -> -8177.75 | C3: =SUM(C4:C13) -> -7139 | D3: =SUM(D4:D13) -> -6100.25 | E3: =SUM(E4:E13) -> -5061.5 | F3: =SUM(F4:F13) -> -4022.75 | G3: =SUM(G4:G13) -> -2984 | H3: =SUM(H4:H13) -> -1945.25 | I3: =SUM(I4:I13) -> -906.5 | ... U3: =SUM(U4:U13) -> 11558.5
A4: ='Matériel'!B3 -> CDJ3000x | B4: =-'Matériel'!C3-3*('Matériel'!$D3/12)+3*('Matériel'!$F3*'Matériel'!$H3/12) -> -2870 | C4: =-3*('Matériel'!$D3/12)+3*('Matériel'!$F3*'Matériel'!$H3/12)+B4 -> -2740 | D4: =-3*('Matériel'!$D3/12)+3*('Matériel'!$F3*'Matériel'!$H3/12)+C4 -> -2610 | E4: =-3*('Matériel'!$D3/12)+3*('Matériel'!$F3*'Matériel'!$H3/12)+D4 -> -2480 | F4: =-3*('Matériel'!$D3/12)+3*('Matériel'!$F3*'Matériel'!$H3/12)+E4 -> -2350 | G4: =-3*('Matériel'!$D3/12)+3*('Matériel'!$F3*'Matériel'!$H3/12)+F4 -> -2220 | H4: =-3*('Matériel'!$D3/12)+3*('Matériel'!$F3*'Matériel'!$H3/12)+G4 -> -2090 | I4: =-3*('Matériel'!$D3/12)+3*('Matériel'!$F3*'Matériel'!$H3/12)+H4 -> -1960 | J4: =-3*('Matériel'!$D3/12)+3*('Matériel'!$F3*'Matériel'!$H3/12)+I4 -> -1830 | ... U4: =-3*('Matériel'!$D3/12)+3*('Matériel'!$F3*'Matériel'!$H3/12)+T4 -> -400
A5: ='Matériel'!B4 -> Shehds 10R + flight | B5: =-'Matériel'!C4-3*('Matériel'!$D4/12)+3*('Matériel'!$F4*'Matériel'!$H4/12) -> -325.5 | C5: =-3*('Matériel'!$D4/12)+3*('Matériel'!$F4*'Matériel'!$H4/12)+B5 -> -248 | D5: =-3*('Matériel'!$D4/12)+3*('Matériel'!$F4*'Matériel'!$H4/12)+C5 -> -170.5 | E5: =-3*('Matériel'!$D4/12)+3*('Matériel'!$F4*'Matériel'!$H4/12)+D5 -> -93 | F5: =-3*('Matériel'!$D4/12)+3*('Matériel'!$F4*'Matériel'!$H4/12)+E5 -> -15.5 | G5: =-3*('Matériel'!$D4/12)+3*('Matériel'!$F4*'Matériel'!$H4/12)+F5 -> 62 | H5: =-3*('Matériel'!$D4/12)+3*('Matériel'!$F4*'Matériel'!$H4/12)+G5 -> 139.5 | I5: =-3*('Matériel'!$D4/12)+3*('Matériel'!$F4*'Matériel'!$H4/12)+H5 -> 217 | J5: =-3*('Matériel'!$D4/12)+3*('Matériel'!$F4*'Matériel'!$H4/12)+I5 -> 294.5 | ... U5: =-3*('Matériel'!$D4/12)+3*('Matériel'!$F4*'Matériel'!$H4/12)+T5 -> 1147
A6: ='Matériel'!B5 -> Shehds 19x15 +flight | B6: =-'Matériel'!C5-3*('Matériel'!$D5/12)+3*('Matériel'!$F5*'Matériel'!$H5/12) -> -213.5 | C6: =-3*('Matériel'!$D5/12)+3*('Matériel'!$F5*'Matériel'!$H5/12)+B6 -> -156 | D6: =-3*('Matériel'!$D5/12)+3*('Matériel'!$F5*'Matériel'!$H5/12)+C6 -> -98.5 | E6: =-3*('Matériel'!$D5/12)+3*('Matériel'!$F5*'Matériel'!$H5/12)+D6 -> -41 | F6: =-3*('Matériel'!$D5/12)+3*('Matériel'!$F5*'Matériel'!$H5/12)+E6 -> 16.5 | G6: =-3*('Matériel'!$D5/12)+3*('Matériel'!$F5*'Matériel'!$H5/12)+F6 -> 74 | H6: =-3*('Matériel'!$D5/12)+3*('Matériel'!$F5*'Matériel'!$H5/12)+G6 -> 131.5 | I6: =-3*('Matériel'!$D5/12)+3*('Matériel'!$F5*'Matériel'!$H5/12)+H6 -> 189 | J6: =-3*('Matériel'!$D5/12)+3*('Matériel'!$F5*'Matériel'!$H5/12)+I6 -> 246.5 | ... U6: =-3*('Matériel'!$D5/12)+3*('Matériel'!$F5*'Matériel'!$H5/12)+T6 -> 879
A7: ='Matériel'!B6 -> Shehds Barre 12x40 + flight | B7: =-'Matériel'!C6-3*('Matériel'!$D6/12)+3*('Matériel'!$F6*'Matériel'!$H6/12) -> -539 | C7: =-3*('Matériel'!$D6/12)+3*('Matériel'!$F6*'Matériel'!$H6/12)+B7 -> -466.5 | D7: =-3*('Matériel'!$D6/12)+3*('Matériel'!$F6*'Matériel'!$H6/12)+C7 -> -394 | E7: =-3*('Matériel'!$D6/12)+3*('Matériel'!$F6*'Matériel'!$H6/12)+D7 -> -321.5 | F7: =-3*('Matériel'!$D6/12)+3*('Matériel'!$F6*'Matériel'!$H6/12)+E7 -> -249 | G7: =-3*('Matériel'!$D6/12)+3*('Matériel'!$F6*'Matériel'!$H6/12)+F7 -> -176.5 | H7: =-3*('Matériel'!$D6/12)+3*('Matériel'!$F6*'Matériel'!$H6/12)+G7 -> -104 | I7: =-3*('Matériel'!$D6/12)+3*('Matériel'!$F6*'Matériel'!$H6/12)+H7 -> -31.5 | J7: =-3*('Matériel'!$D6/12)+3*('Matériel'!$F6*'Matériel'!$H6/12)+I7 -> 41 | ... U7: =-3*('Matériel'!$D6/12)+3*('Matériel'!$F6*'Matériel'!$H6/12)+T7 -> 838.5
A8: ='Matériel'!B7 -> Shehds Blinder 2 eyes | B8: =-'Matériel'!C7-3*('Matériel'!$D7/12)+3*('Matériel'!$F7*'Matériel'!$H7/12) -> -56.25 | C8: =-3*('Matériel'!$D7/12)+3*('Matériel'!$F7*'Matériel'!$H7/12)+B8 -> -37.5 | D8: =-3*('Matériel'!$D7/12)+3*('Matériel'!$F7*'Matériel'!$H7/12)+C8 -> -18.75 | E8: =-3*('Matériel'!$D7/12)+3*('Matériel'!$F7*'Matériel'!$H7/12)+D8 -> 0 | F8: =-3*('Matériel'!$D7/12)+3*('Matériel'!$F7*'Matériel'!$H7/12)+E8 -> 18.75 | G8: =-3*('Matériel'!$D7/12)+3*('Matériel'!$F7*'Matériel'!$H7/12)+F8 -> 37.5 | H8: =-3*('Matériel'!$D7/12)+3*('Matériel'!$F7*'Matériel'!$H7/12)+G8 -> 56.25 | I8: =-3*('Matériel'!$D7/12)+3*('Matériel'!$F7*'Matériel'!$H7/12)+H8 -> 75 | J8: =-3*('Matériel'!$D7/12)+3*('Matériel'!$F7*'Matériel'!$H7/12)+I8 -> 93.75 | ... U8: =-3*('Matériel'!$D7/12)+3*('Matériel'!$F7*'Matériel'!$H7/12)+T8 -> 300
A9: ='Matériel'!B8 -> Laser 10W | B9: =-'Matériel'!C8-3*('Matériel'!$D8/12)+3*('Matériel'!$F8*'Matériel'!$H8/12) -> -576 | C9: =-3*('Matériel'!$D8/12)+3*('Matériel'!$F8*'Matériel'!$H8/12)+B9 -> -381 | D9: =-3*('Matériel'!$D8/12)+3*('Matériel'!$F8*'Matériel'!$H8/12)+C9 -> -186 | E9: =-3*('Matériel'!$D8/12)+3*('Matériel'!$F8*'Matériel'!$H8/12)+D9 -> 9 | F9: =-3*('Matériel'!$D8/12)+3*('Matériel'!$F8*'Matériel'!$H8/12)+E9 -> 204 | G9: =-3*('Matériel'!$D8/12)+3*('Matériel'!$F8*'Matériel'!$H8/12)+F9 -> 399 | H9: =-3*('Matériel'!$D8/12)+3*('Matériel'!$F8*'Matériel'!$H8/12)+G9 -> 594 | I9: =-3*('Matériel'!$D8/12)+3*('Matériel'!$F8*'Matériel'!$H8/12)+H9 -> 789 | J9: =-3*('Matériel'!$D8/12)+3*('Matériel'!$F8*'Matériel'!$H8/12)+I9 -> 984 | ... U9: =-3*('Matériel'!$D8/12)+3*('Matériel'!$F8*'Matériel'!$H8/12)+T9 -> 3129
A10: ='Matériel'!B9 -> FB4 | B10: =-'Matériel'!C9-3*('Matériel'!$D9/12)+3*('Matériel'!$F9*'Matériel'!$H9/12) -> -600 | C10: =-3*('Matériel'!$D9/12)+3*('Matériel'!$F9*'Matériel'!$H9/12)+B10 -> -555 | D10: =-3*('Matériel'!$D9/12)+3*('Matériel'!$F9*'Matériel'!$H9/12)+C10 -> -510 | E10: =-3*('Matériel'!$D9/12)+3*('Matériel'!$F9*'Matériel'!$H9/12)+D10 -> -465 | F10: =-3*('Matériel'!$D9/12)+3*('Matériel'!$F9*'Matériel'!$H9/12)+E10 -> -420 | G10: =-3*('Matériel'!$D9/12)+3*('Matériel'!$F9*'Matériel'!$H9/12)+F10 -> -375 | H10: =-3*('Matériel'!$D9/12)+3*('Matériel'!$F9*'Matériel'!$H9/12)+G10 -> -330 | I10: =-3*('Matériel'!$D9/12)+3*('Matériel'!$F9*'Matériel'!$H9/12)+H10 -> -285 | J10: =-3*('Matériel'!$D9/12)+3*('Matériel'!$F9*'Matériel'!$H9/12)+I10 -> -240 | ... U10: =-3*('Matériel'!$D9/12)+3*('Matériel'!$F9*'Matériel'!$H9/12)+T10 -> 255
A11: ='Matériel'!B10 -> Midas M32R + flight | B11: =-'Matériel'!C10-3*('Matériel'!$D10/12)+3*('Matériel'!$F10*'Matériel'!$H10/12) -> -1535 | C11: =-3*('Matériel'!$D10/12)+3*('Matériel'!$F10*'Matériel'!$H10/12)+B11 -> -1270 | D11: =-3*('Matériel'!$D10/12)+3*('Matériel'!$F10*'Matériel'!$H10/12)+C11 -> -1005 | E11: =-3*('Matériel'!$D10/12)+3*('Matériel'!$F10*'Matériel'!$H10/12)+D11 -> -740 | F11: =-3*('Matériel'!$D10/12)+3*('Matériel'!$F10*'Matériel'!$H10/12)+E11 -> -475 | G11: =-3*('Matériel'!$D10/12)+3*('Matériel'!$F10*'Matériel'!$H10/12)+F11 -> -210 | H11: =-3*('Matériel'!$D10/12)+3*('Matériel'!$F10*'Matériel'!$H10/12)+G11 -> 55 | I11: =-3*('Matériel'!$D10/12)+3*('Matériel'!$F10*'Matériel'!$H10/12)+H11 -> 320 | J11: =-3*('Matériel'!$D10/12)+3*('Matériel'!$F10*'Matériel'!$H10/12)+I11 -> 585 | ... U11: =-3*('Matériel'!$D10/12)+3*('Matériel'!$F10*'Matériel'!$H10/12)+T11 -> 3500
A12: ='Matériel'!B11 -> RJ45 touret high quality | B12: =-'Matériel'!C11-3*('Matériel'!$D11/12)+3*('Matériel'!$F11*'Matériel'!$H11/12) -> -162.5 | C12: =-3*('Matériel'!$D11/12)+3*('Matériel'!$F11*'Matériel'!$H11/12)+B12 -> -85 | D12: =-3*('Matériel'!$D11/12)+3*('Matériel'!$F11*'Matériel'!$H11/12)+C12 -> -7.5 | E12: =-3*('Matériel'!$D11/12)+3*('Matériel'!$F11*'Matériel'!$H11/12)+D12 -> 70 | F12: =-3*('Matériel'!$D11/12)+3*('Matériel'!$F11*'Matériel'!$H11/12)+E12 -> 147.5 | G12: =-3*('Matériel'!$D11/12)+3*('Matériel'!$F11*'Matériel'!$H11/12)+F12 -> 225 | H12: =-3*('Matériel'!$D11/12)+3*('Matériel'!$F11*'Matériel'!$H11/12)+G12 -> 302.5 | I12: =-3*('Matériel'!$D11/12)+3*('Matériel'!$F11*'Matériel'!$H11/12)+H12 -> 380 | J12: =-3*('Matériel'!$D11/12)+3*('Matériel'!$F11*'Matériel'!$H11/12)+I12 -> 457.5 | ... U12: =-3*('Matériel'!$D11/12)+3*('Matériel'!$F11*'Matériel'!$H11/12)+T12 -> 1310
A13: ='Matériel'!B12 -> Midas DL32 | B13: =-'Matériel'!C12-3*('Matériel'!$D12/12)+3*('Matériel'!$F12*'Matériel'!$H12/12) -> -1300 | C13: =-3*('Matériel'!$D12/12)+3*('Matériel'!$F12*'Matériel'!$H12/12)+B13 -> -1200 | D13: =-3*('Matériel'!$D12/12)+3*('Matériel'!$F12*'Matériel'!$H12/12)+C13 -> -1100 | E13: =-3*('Matériel'!$D12/12)+3*('Matériel'!$F12*'Matériel'!$H12/12)+D13 -> -1000 | F13: =-3*('Matériel'!$D12/12)+3*('Matériel'!$F12*'Matériel'!$H12/12)+E13 -> -900 | G13: =-3*('Matériel'!$D12/12)+3*('Matériel'!$F12*'Matériel'!$H12/12)+F13 -> -800 | H13: =-3*('Matériel'!$D12/12)+3*('Matériel'!$F12*'Matériel'!$H12/12)+G13 -> -700 | I13: =-3*('Matériel'!$D12/12)+3*('Matériel'!$F12*'Matériel'!$H12/12)+H13 -> -600 | J13: =-3*('Matériel'!$D12/12)+3*('Matériel'!$F12*'Matériel'!$H12/12)+I13 -> -500 | ... U13: =-3*('Matériel'!$D12/12)+3*('Matériel'!$F12*'Matériel'!$H12/12)+T13 -> 600
A14: ='Matériel'!B13 -> Xone96 | B14: =-'Matériel'!C13-3*('Matériel'!$D13/12)+3*('Matériel'!$F13*'Matériel'!$H13/12) -> -1475 | C14: =-3*('Matériel'!$D13/12)+3*('Matériel'!$F13*'Matériel'!$H13/12)+B14 -> -1350 | D14: =-3*('Matériel'!$D13/12)+3*('Matériel'!$F13*'Matériel'!$H13/12)+C14 -> -1225 | E14: =-3*('Matériel'!$D13/12)+3*('Matériel'!$F13*'Matériel'!$H13/12)+D14 -> -1100 | F14: =-3*('Matériel'!$D13/12)+3*('Matériel'!$F13*'Matériel'!$H13/12)+E14 -> -975 | G14: =-3*('Matériel'!$D13/12)+3*('Matériel'!$F13*'Matériel'!$H13/12)+F14 -> -850 | H14: =-3*('Matériel'!$D13/12)+3*('Matériel'!$F13*'Matériel'!$H13/12)+G14 -> -725 | I14: =-3*('Matériel'!$D13/12)+3*('Matériel'!$F13*'Matériel'!$H13/12)+H14 -> -600 | J14: =-3*('Matériel'!$D13/12)+3*('Matériel'!$F13*'Matériel'!$H13/12)+I14 -> -475 | ... U14: =-3*('Matériel'!$D13/12)+3*('Matériel'!$F13*'Matériel'!$H13/12)+T14 -> 900
A15: ='Matériel'!B14 -> DJM A9 | B15: =-'Matériel'!C14-3*('Matériel'!$D14/12)+3*('Matériel'!$F14*'Matériel'!$H14/12) -> -2345 | C15: =-3*('Matériel'!$D14/12)+3*('Matériel'!$F14*'Matériel'!$H14/12)+B15 -> -2190 | D15: =-3*('Matériel'!$D14/12)+3*('Matériel'!$F14*'Matériel'!$H14/12)+C15 -> -2035 | E15: =-3*('Matériel'!$D14/12)+3*('Matériel'!$F14*'Matériel'!$H14/12)+D15 -> -1880 | F15: =-3*('Matériel'!$D14/12)+3*('Matériel'!$F14*'Matériel'!$H14/12)+E15 -> -1725 | G15: =-3*('Matériel'!$D14/12)+3*('Matériel'!$F14*'Matériel'!$H14/12)+F15 -> -1570 | H15: =-3*('Matériel'!$D14/12)+3*('Matériel'!$F14*'Matériel'!$H14/12)+G15 -> -1415 | I15: =-3*('Matériel'!$D14/12)+3*('Matériel'!$F14*'Matériel'!$H14/12)+H15 -> -1260 | J15: =-3*('Matériel'!$D14/12)+3*('Matériel'!$F14*'Matériel'!$H14/12)+I15 -> -1105 | ... U15: =-3*('Matériel'!$D14/12)+3*('Matériel'!$F14*'Matériel'!$H14/12)+T15 -> 600
A16: ='Matériel'!B22 | B16: =-'Matériel'!C22-3*('Matériel'!$D22/12)+3*('Matériel'!$F22*'Matériel'!$H22/12) -> 0 | C16: =-3*('Matériel'!$D22/12)+3*('Matériel'!$F22*'Matériel'!$H22/12)+B16 -> 0 | D16: =-3*('Matériel'!$D22/12)+3*('Matériel'!$F22*'Matériel'!$H22/12)+C16 -> 0 | E16: =-3*('Matériel'!$D22/12)+3*('Matériel'!$F22*'Matériel'!$H22/12)+D16 -> 0 | F16: =-3*('Matériel'!$D22/12)+3*('Matériel'!$F22*'Matériel'!$H22/12)+E16 -> 0 | G16: =-3*('Matériel'!$D22/12)+3*('Matériel'!$F22*'Matériel'!$H22/12)+F16 -> 0 | H16: =-3*('Matériel'!$D22/12)+3*('Matériel'!$F22*'Matériel'!$H22/12)+G16 -> 0 | I16: =-3*('Matériel'!$D22/12)+3*('Matériel'!$F22*'Matériel'!$H22/12)+H16 -> 0 | J16: =-3*('Matériel'!$D22/12)+3*('Matériel'!$F22*'Matériel'!$H22/12)+I16 -> 0 | ... U16: =-3*('Matériel'!$D22/12)+3*('Matériel'!$F22*'Matériel'!$H22/12)+T16 -> 0
A17: ='Matériel'!B23 | B17: =-'Matériel'!C23-3*('Matériel'!$D23/12)+3*('Matériel'!$F23*#REF!/12) -> #REF! | C17: =-3*('Matériel'!$D23/12)+3*('Matériel'!$F23*#REF!/12)+B17 -> #REF! | D17: =-3*('Matériel'!$D23/12)+3*('Matériel'!$F23*#REF!/12)+C17 -> #REF! | E17: =-3*('Matériel'!$D23/12)+3*('Matériel'!$F23*#REF!/12)+D17 -> #REF! | F17: =-3*('Matériel'!$D23/12)+3*('Matériel'!$F23*#REF!/12)+E17 -> #REF! | G17: =-3*('Matériel'!$D23/12)+3*('Matériel'!$F23*#REF!/12)+F17 -> #REF! | H17: =-3*('Matériel'!$D23/12)+3*('Matériel'!$F23*#REF!/12)+G17 -> #REF! | I17: =-3*('Matériel'!$D23/12)+3*('Matériel'!$F23*#REF!/12)+H17 -> #REF! | J17: =-3*('Matériel'!$D23/12)+3*('Matériel'!$F23*#REF!/12)+I17 -> #REF! | ... U17: =-3*('Matériel'!$D23/12)+3*('Matériel'!$F23*#REF!/12)+T17 -> #REF!
A18: ='Matériel'!B24 | B18: =-'Matériel'!C24-3*('Matériel'!$D24/12)+3*('Matériel'!$F24*'Matériel'!$H24/12) -> 0 | C18: =-3*('Matériel'!$D24/12)+3*('Matériel'!$F24*'Matériel'!$H24/12)+B18 -> 0 | D18: =-3*('Matériel'!$D24/12)+3*('Matériel'!$F24*'Matériel'!$H24/12)+C18 -> 0 | E18: =-3*('Matériel'!$D24/12)+3*('Matériel'!$F24*'Matériel'!$H24/12)+D18 -> 0 | F18: =-3*('Matériel'!$D24/12)+3*('Matériel'!$F24*'Matériel'!$H24/12)+E18 -> 0 | G18: =-3*('Matériel'!$D24/12)+3*('Matériel'!$F24*'Matériel'!$H24/12)+F18 -> 0 | H18: =-3*('Matériel'!$D24/12)+3*('Matériel'!$F24*'Matériel'!$H24/12)+G18 -> 0 | I18: =-3*('Matériel'!$D24/12)+3*('Matériel'!$F24*'Matériel'!$H24/12)+H18 -> 0 | J18: =-3*('Matériel'!$D24/12)+3*('Matériel'!$F24*'Matériel'!$H24/12)+I18 -> 0 | ... U18: =-3*('Matériel'!$D24/12)+3*('Matériel'!$F24*'Matériel'!$H24/12)+T18 -> 0
A19: ='Matériel'!B25 | B19: =-'Matériel'!C25-3*('Matériel'!$D25/12)+3*('Matériel'!$F25*'Matériel'!$H25/12) -> 0 | C19: =-3*('Matériel'!$D25/12)+3*('Matériel'!$F25*'Matériel'!$H25/12)+B19 -> 0 | D19: =-3*('Matériel'!$D25/12)+3*('Matériel'!$F25*'Matériel'!$H25/12)+C19 -> 0 | E19: =-3*('Matériel'!$D25/12)+3*('Matériel'!$F25*'Matériel'!$H25/12)+D19 -> 0 | F19: =-3*('Matériel'!$D25/12)+3*('Matériel'!$F25*'Matériel'!$H25/12)+E19 -> 0 | G19: =-3*('Matériel'!$D25/12)+3*('Matériel'!$F25*'Matériel'!$H25/12)+F19 -> 0 | H19: =-3*('Matériel'!$D25/12)+3*('Matériel'!$F25*'Matériel'!$H25/12)+G19 -> 0 | I19: =-3*('Matériel'!$D25/12)+3*('Matériel'!$F25*'Matériel'!$H25/12)+H19 -> 0 | J19: =-3*('Matériel'!$D25/12)+3*('Matériel'!$F25*'Matériel'!$H25/12)+I19 -> 0 | ... U19: =-3*('Matériel'!$D25/12)+3*('Matériel'!$F25*'Matériel'!$H25/12)+T19 -> 0
A20: ='Matériel'!B26 | B20: =-'Matériel'!C26-3*('Matériel'!$D26/12)+3*(#REF!*'Matériel'!$H26/12) -> #REF! | C20: =-3*('Matériel'!$D26/12)+3*(#REF!*'Matériel'!$H26/12)+B20 -> #REF! | D20: =-3*('Matériel'!$D26/12)+3*(#REF!*'Matériel'!$H26/12)+C20 -> #REF! | E20: =-3*('Matériel'!$D26/12)+3*(#REF!*'Matériel'!$H26/12)+D20 -> #REF! | F20: =-3*('Matériel'!$D26/12)+3*(#REF!*'Matériel'!$H26/12)+E20 -> #REF! | G20: =-3*('Matériel'!$D26/12)+3*(#REF!*'Matériel'!$H26/12)+F20 -> #REF! | H20: =-3*('Matériel'!$D26/12)+3*(#REF!*'Matériel'!$H26/12)+G20 -> #REF! | I20: =-3*('Matériel'!$D26/12)+3*(#REF!*'Matériel'!$H26/12)+H20 -> #REF! | J20: =-3*('Matériel'!$D26/12)+3*(#REF!*'Matériel'!$H26/12)+I20 -> #REF! | ... U20: =-3*('Matériel'!$D26/12)+3*(#REF!*'Matériel'!$H26/12)+T20 -> #REF!
A21: ='Matériel'!B27 | B21: =-'Matériel'!C27-3*(#REF!/12)+3*(#REF!*'Matériel'!$H27/12) -> #REF! | C21: =-3*(#REF!/12)+3*(#REF!*'Matériel'!$H27/12)+B21 -> #REF! | D21: =-3*(#REF!/12)+3*(#REF!*'Matériel'!$H27/12)+C21 -> #REF! | E21: =-3*(#REF!/12)+3*(#REF!*'Matériel'!$H27/12)+D21 -> #REF! | F21: =-3*(#REF!/12)+3*(#REF!*'Matériel'!$H27/12)+E21 -> #REF! | G21: =-3*(#REF!/12)+3*(#REF!*'Matériel'!$H27/12)+F21 -> #REF! | H21: =-3*(#REF!/12)+3*(#REF!*'Matériel'!$H27/12)+G21 -> #REF! | I21: =-3*(#REF!/12)+3*(#REF!*'Matériel'!$H27/12)+H21 -> #REF! | J21: =-3*(#REF!/12)+3*(#REF!*'Matériel'!$H27/12)+I21 -> #REF! | ... U21: =-3*(#REF!/12)+3*(#REF!*'Matériel'!$H27/12)+T21 -> #REF!
A22: ='Matériel'!B28 | B22: =-'Matériel'!C28-3*('Matériel'!$D27/12)+3*('Matériel'!$F27*'Matériel'!$H28/12) -> 0 | C22: =-3*('Matériel'!$D27/12)+3*('Matériel'!$F27*'Matériel'!$H28/12)+B22 -> 0 | D22: =-3*('Matériel'!$D27/12)+3*('Matériel'!$F27*'Matériel'!$H28/12)+C22 -> 0 | E22: =-3*('Matériel'!$D27/12)+3*('Matériel'!$F27*'Matériel'!$H28/12)+D22 -> 0 | F22: =-3*('Matériel'!$D27/12)+3*('Matériel'!$F27*'Matériel'!$H28/12)+E22 -> 0 | G22: =-3*('Matériel'!$D27/12)+3*('Matériel'!$F27*'Matériel'!$H28/12)+F22 -> 0 | H22: =-3*('Matériel'!$D27/12)+3*('Matériel'!$F27*'Matériel'!$H28/12)+G22 -> 0 | I22: =-3*('Matériel'!$D27/12)+3*('Matériel'!$F27*'Matériel'!$H28/12)+H22 -> 0 | J22: =-3*('Matériel'!$D27/12)+3*('Matériel'!$F27*'Matériel'!$H28/12)+I22 -> 0 | ... U22: =-3*('Matériel'!$D27/12)+3*('Matériel'!$F27*'Matériel'!$H28/12)+T22 -> 0
A23: ='Matériel'!B29 | B23: =-'Matériel'!C29-3*('Matériel'!$D28/12)+3*('Matériel'!$F28*'Matériel'!$H29/12) -> 0 | C23: =-3*('Matériel'!$D28/12)+3*('Matériel'!$F28*'Matériel'!$H29/12)+B23 -> 0 | D23: =-3*('Matériel'!$D28/12)+3*('Matériel'!$F28*'Matériel'!$H29/12)+C23 -> 0 | E23: =-3*('Matériel'!$D28/12)+3*('Matériel'!$F28*'Matériel'!$H29/12)+D23 -> 0 | F23: =-3*('Matériel'!$D28/12)+3*('Matériel'!$F28*'Matériel'!$H29/12)+E23 -> 0 | G23: =-3*('Matériel'!$D28/12)+3*('Matériel'!$F28*'Matériel'!$H29/12)+F23 -> 0 | H23: =-3*('Matériel'!$D28/12)+3*('Matériel'!$F28*'Matériel'!$H29/12)+G23 -> 0 | I23: =-3*('Matériel'!$D28/12)+3*('Matériel'!$F28*'Matériel'!$H29/12)+H23 -> 0 | J23: =-3*('Matériel'!$D28/12)+3*('Matériel'!$F28*'Matériel'!$H29/12)+I23 -> 0 | ... U23: =-3*('Matériel'!$D28/12)+3*('Matériel'!$F28*'Matériel'!$H29/12)+T23 -> 0
